-- =============================================
-- SEED DATA
-- =============================================

-- Sample daily challenges
insert into challenges (title, description, category, difficulty, xp_reward, is_daily, day_number) values
('Отражение', 'Найди интересное отражение в воде, стекле или зеркале', 'abstract', 'medium', 50, true, 1),
('Уличное искусство', 'Сфотографируй граффити или стрит-арт', 'urban', 'easy', 30, true, 2),
('Золотой час', 'Поймай красивый свет на закате или рассвете', 'light', 'hard', 75, true, 3),
('Текстуры', 'Найди интересную текстуру: дерево, камень, ткань', 'abstract', 'easy', 30, true, 4),
('Симметрия', 'Сфотографируй что-то симметричное', 'abstract', 'medium', 50, true, 5),
('Минимализм', 'Простая композиция с минимумом элементов', 'mood', 'medium', 50, true, 6),
('Контраст', 'Найди контраст: свет/тень, старое/новое, большое/маленькое', 'abstract', 'medium', 50, true, 7),
('Натюрморт', 'Создай красивую композицию из предметов', 'food', 'medium', 50, true, 8),
('Силуэт', 'Сфотографируй силуэт на фоне света', 'light', 'hard', 75, true, 9),
('Детали', 'Сними крупным планом мелкую деталь', 'abstract', 'easy', 30, true, 10);

-- =============================================
-- HUNT: Городской исследователь
-- =============================================
insert into hunts (id, title, description, theme, difficulty, duration, total_xp) values
('11111111-1111-1111-1111-111111111111', 'Городской исследователь', 'Открой свой город заново через объектив камеры', 'city', 'medium', 'week', 200);

insert into hunt_tasks (hunt_id, title, description, order_num, xp_reward, hint) values
('11111111-1111-1111-1111-111111111111', 'Архитектурная деталь', 'Найди необычный архитектурный элемент', 1, 30, 'Посмотри вверх на фасады зданий'),
('11111111-1111-1111-1111-111111111111', 'Уличный музыкант', 'Сфотографируй уличного артиста за работой', 2, 40, 'Загляни в переходы или центральные улицы'),
('11111111-1111-1111-1111-111111111111', 'Скрытый дворик', 'Найди красивый внутренний дворик', 3, 50, 'Зайди в арку старого дома'),
('11111111-1111-1111-1111-111111111111', 'Городская природа', 'Природа среди бетона и асфальта', 4, 30, 'Ищи зелень в неожиданных местах'),
('11111111-1111-1111-1111-111111111111', 'Ночной город', 'Огни и атмосфера ночного города', 5, 50, 'Дождись синего часа после заката');

-- =============================================
-- HUNT: Природный фотограф
-- =============================================
insert into hunts (id, title, description, theme, difficulty, duration, total_xp) values
('22222222-2222-2222-2222-222222222222', 'Природный фотограф', 'Исследуй красоту природы вокруг тебя', 'nature', 'easy', 'week', 150);

insert into hunt_tasks (hunt_id, title, description, order_num, xp_reward, hint) values
('22222222-2222-2222-2222-222222222222', 'Капля воды', 'Сфотографируй каплю росы или дождя', 1, 30, 'Ищи утром на листьях'),
('22222222-2222-2222-2222-222222222222', 'Насекомое', 'Поймай в кадр жука, бабочку или пчелу', 2, 40, 'Терпение - твой друг'),
('22222222-2222-2222-2222-222222222222', 'Облака', 'Интересная форма облаков', 3, 25, 'Лучшее время - перед закатом'),
('22222222-2222-2222-2222-222222222222', 'Дерево', 'Красивое или необычное дерево', 4, 30, 'Попробуй снять снизу вверх'),
('22222222-2222-2222-2222-222222222222', 'Цветок крупным планом', 'Макро-съёмка цветка', 5, 25, 'Подойди как можно ближе');

-- =============================================
-- HUNT: Домашний уют
-- =============================================
insert into hunts (id, title, description, theme, difficulty, duration, total_xp) values
('33333333-3333-3333-3333-333333333333', 'Домашний уют', 'Найди красоту в повседневных вещах дома', 'home', 'easy', 'day', 100);

insert into hunt_tasks (hunt_id, title, description, order_num, xp_reward, hint) values
('33333333-3333-3333-3333-333333333333', 'Утренний кофе', 'Красивый кадр с чашкой кофе или чая', 1, 20, 'Поймай пар от горячего напитка'),
('33333333-3333-3333-3333-333333333333', 'Любимая книга', 'Книга в уютной обстановке', 2, 20, 'Добавь плед или свечу'),
('33333333-3333-3333-3333-333333333333', 'Окно', 'Вид из окна или свет через окно', 3, 25, 'Золотой час даёт лучший свет'),
('33333333-3333-3333-3333-333333333333', 'Питомец', 'Фото домашнего любимца (или игрушки)', 4, 35, 'Опустись на их уровень');

-- =============================================
-- BADGES
-- =============================================
insert into badges (name, description, icon, category, requirement_type, requirement_value) values
-- Beginner badges
('Первый шаг', 'Загрузите своё первое фото', 'camera', 'beginner', 'photos', 1),
('Новичок', 'Загрузите 5 фото', 'image', 'beginner', 'photos', 5),

-- Progress badges
('Фотограф', 'Загрузите 10 фото', 'award', 'progress', 'photos', 10),
('Опытный', 'Загрузите 50 фото', 'star', 'progress', 'photos', 50),
('Мастер', 'Загрузите 100 фото', 'trophy', 'progress', 'photos', 100),
('Легенда', 'Загрузите 500 фото', 'crown', 'progress', 'photos', 500),

-- Streak badges
('На старте', '3 дня подряд', 'flame', 'streak', 'streak', 3),
('Огненный стрик', '7 дней подряд', 'zap', 'streak', 'streak', 7),
('Две недели', '14 дней подряд', 'target', 'streak', 'streak', 14),
('Месяц огня', '30 дней подряд', 'medal', 'streak', 'streak', 30),
('Квартал', '90 дней подряд', 'gem', 'streak', 'streak', 90),

-- Hunt badges
('Охотник', 'Завершите первую фото-охоту', 'map', 'hunts', 'hunts', 1),
('Следопыт', 'Завершите 5 фото-охот', 'compass', 'hunts', 'hunts', 5),
('Исследователь', 'Завершите 10 фото-охот', 'globe', 'hunts', 'hunts', 10),

-- Event badges
('Организатор', 'Создайте первое событие', 'users', 'events', 'events_created', 1),
('Тусовщик', 'Присоединитесь к 5 событиям', 'party-popper', 'events', 'events_joined', 5),

-- Special badges
('Ранняя пташка', 'Фото до 6 утра', 'sunrise', 'special', 'special', 1),
('Сова', 'Фото после полуночи', 'moon', 'special', 'special', 1),
('Социальный', 'Получите 100 лайков', 'heart', 'social', 'likes_received', 100);
